"file","year","module","var","topic"
"data/raw/hbs/20220105/uzb_hbs_2021_20220105_m00_passport.dta",2021,"m00_passport","hhid","parent_child"
"data/raw/hbs/20220105/uzb_hbs_2021_20220105_m00_weight.dta",2021,"m00_weight","hhid","parent_child"
"data/raw/hbs/20220105/uzb_hbs_2021_20220105_m01_roster.dta",2021,"m01_roster","hhid","parent_child"
"data/raw/hbs/20220105/uzb_hbs_2021_20220105_m01_roster.dta",2021,"m01_roster","relationship","parent_child"
"data/raw/hbs/20220105/uzb_hbs_2021_20220105_m02_migration.dta",2021,"m02_migration","hhid","parent_child"
"data/raw/hbs/20220105/uzb_hbs_2021_20220105_m02_migration.dta",2021,"m02_migration","relationship","parent_child"
"data/raw/hbs/20220105/uzb_hbs_2021_20220105_m03_education.dta",2021,"m03_education","hhid","parent_child"
"data/raw/hbs/20220105/uzb_hbs_2021_20220105_m03_education.dta",2021,"m03_education","relationship","parent_child"
"data/raw/hbs/20220105/uzb_hbs_2021_20220105_m13_internet.dta",2021,"m13_internet","hhid","parent_child"
"data/raw/hbs/20220105/uzb_hbs_2021_20220105_m13_internet.dta",2021,"m13_internet","relationship","parent_child"
"data/raw/hbs/20221231/uzb_hbs_2022_20221231_m00_passport.dta",2022,"m00_passport","hhid","parent_child"
"data/raw/hbs/20221231/uzb_hbs_2022_20221231_m01_roster.dta",2022,"m01_roster","hhid","parent_child"
"data/raw/hbs/20221231/uzb_hbs_2022_20221231_m01_roster.dta",2022,"m01_roster","relationship","parent_child"
"data/raw/hbs/20221231/uzb_hbs_2022_20221231_m02_migration.dta",2022,"m02_migration","hhid","parent_child"
"data/raw/hbs/20221231/uzb_hbs_2022_20221231_m02_migration.dta",2022,"m02_migration","relationship","parent_child"
"data/raw/hbs/20221231/uzb_hbs_2022_20221231_m03_education.dta",2022,"m03_education","hhid","parent_child"
"data/raw/hbs/20221231/uzb_hbs_2022_20221231_m03_education.dta",2022,"m03_education","relationship","parent_child"
"data/raw/hbs/20221231/uzb_hbs_2022_20221231_m13_internet.dta",2022,"m13_internet","hhid","parent_child"
"data/raw/hbs/20221231/uzb_hbs_2022_20221231_m13_internet.dta",2022,"m13_internet","relationship","parent_child"
"data/raw/hbs/20231230/uzb_hbs_2023_20231230_m00_passport.dta",2023,"m00_passport","hhid","parent_child"
"data/raw/hbs/20231230/uzb_hbs_2023_20231230_m00_weight.dta",2023,"m00_weight","hhid","parent_child"
"data/raw/hbs/20231230/uzb_hbs_2023_20231230_m01_roster.dta",2023,"m01_roster","hhid","parent_child"
"data/raw/hbs/20231230/uzb_hbs_2023_20231230_m01_roster.dta",2023,"m01_roster","relationship","parent_child"
"data/raw/hbs/20231230/uzb_hbs_2023_20231230_m02_migration.dta",2023,"m02_migration","hhid","parent_child"
"data/raw/hbs/20231230/uzb_hbs_2023_20231230_m02_migration.dta",2023,"m02_migration","relationship","parent_child"
"data/raw/hbs/20231230/uzb_hbs_2023_20231230_m03_education.dta",2023,"m03_education","hhid","parent_child"
"data/raw/hbs/20231230/uzb_hbs_2023_20231230_m03_education.dta",2023,"m03_education","relationship","parent_child"
"data/raw/hbs/20231230/uzb_hbs_2023_20231230_m13_internet.dta",2023,"m13_internet","hhid","parent_child"
"data/raw/hbs/20231230/uzb_hbs_2023_20231230_m13_internet.dta",2023,"m13_internet","relationship","parent_child"
"data/raw/hbs/20241231/uzb_hbs_2024_20241231_m00_passport.dta",2024,"m00_passport","hhid","parent_child"
"data/raw/hbs/20241231/uzb_hbs_2024_20241231_m00_passport.dta",2024,"m00_passport","orig_hhid","parent_child"
"data/raw/hbs/20241231/uzb_hbs_2024_20241231_m00_passport.dta",2024,"m00_passport","rep_hhid","parent_child"
"data/raw/hbs/20241231/uzb_hbs_2024_20241231_m00_passport.dta",2024,"m00_passport","replacing_hhid","parent_child"
"data/raw/hbs/20241231/uzb_hbs_2024_20241231_m00_weight.dta",2024,"m00_weight","hhid","parent_child"
"data/raw/hbs/20241231/uzb_hbs_2024_20241231_m01_roster.dta",2024,"m01_roster","hhid","parent_child"
"data/raw/hbs/20241231/uzb_hbs_2024_20241231_m01_roster.dta",2024,"m01_roster","relationship","parent_child"
"data/raw/hbs/20241231/uzb_hbs_2024_20241231_m02_migration.dta",2024,"m02_migration","hhid","parent_child"
"data/raw/hbs/20241231/uzb_hbs_2024_20241231_m02_migration.dta",2024,"m02_migration","relationship","parent_child"
"data/raw/hbs/20241231/uzb_hbs_2024_20241231_m03_education.dta",2024,"m03_education","hhid","parent_child"
"data/raw/hbs/20241231/uzb_hbs_2024_20241231_m03_education.dta",2024,"m03_education","relationship","parent_child"
"data/raw/hbs/20241231/uzb_hbs_2024_20241231_m13_internet.dta",2024,"m13_internet","hhid","parent_child"
"data/raw/hbs/20241231/uzb_hbs_2024_20241231_m13_internet.dta",2024,"m13_internet","relationship","parent_child"
"data/raw/hbs/20251221/uzb_hbs_2025_20251221_m00_passport.dta",2025,"m00_passport","hhid","parent_child"
"data/raw/hbs/20251221/uzb_hbs_2025_20251221_m00_passport.dta",2025,"m00_passport","soato_hhid","parent_child"
"data/raw/hbs/20251221/uzb_hbs_2025_20251221_m00_passport.dta",2025,"m00_passport","orig_hhid","parent_child"
"data/raw/hbs/20251221/uzb_hbs_2025_20251221_m00_passport.dta",2025,"m00_passport","rep_hhid","parent_child"
"data/raw/hbs/20251221/uzb_hbs_2025_20251221_m00_passport.dta",2025,"m00_passport","replacing_hhid","parent_child"
"data/raw/hbs/20251221/uzb_hbs_2025_20251221_m00_weight.dta",2025,"m00_weight","hhid","parent_child"
"data/raw/hbs/20251221/uzb_hbs_2025_20251221_m01_roster.dta",2025,"m01_roster","hhid","parent_child"
"data/raw/hbs/20251221/uzb_hbs_2025_20251221_m01_roster.dta",2025,"m01_roster","soato_hhid","parent_child"
"data/raw/hbs/20251221/uzb_hbs_2025_20251221_m01_roster.dta",2025,"m01_roster","relationship","parent_child"
"data/raw/hbs/20251221/uzb_hbs_2025_20251221_m02_migration.dta",2025,"m02_migration","hhid","parent_child"
"data/raw/hbs/20251221/uzb_hbs_2025_20251221_m02_migration.dta",2025,"m02_migration","soato_hhid","parent_child"
"data/raw/hbs/20251221/uzb_hbs_2025_20251221_m02_migration.dta",2025,"m02_migration","relationship","parent_child"
"data/raw/hbs/20251221/uzb_hbs_2025_20251221_m03_education.dta",2025,"m03_education","hhid","parent_child"
"data/raw/hbs/20251221/uzb_hbs_2025_20251221_m03_education.dta",2025,"m03_education","soato_hhid","parent_child"
"data/raw/hbs/20251221/uzb_hbs_2025_20251221_m03_education.dta",2025,"m03_education","relationship","parent_child"
"data/raw/hbs/20220105/uzb_hbs_2021_20220105_m02_migration.dta",2021,"m02_migration","emig_remit_use_educ","education"
"data/raw/hbs/20220105/uzb_hbs_2021_20220105_m03_education.dta",2021,"m03_education","edu_highest","education"
"data/raw/hbs/20220105/uzb_hbs_2021_20220105_m03_education.dta",2021,"m03_education","edu_years","education"
"data/raw/hbs/20220105/uzb_hbs_2021_20220105_m03_education.dta",2021,"m03_education","edu_enrolled","education"
"data/raw/hbs/20220105/uzb_hbs_2021_20220105_m03_education.dta",2021,"m03_education","edu_last_grade","education"
"data/raw/hbs/20220105/uzb_hbs_2021_20220105_m03_education.dta",2021,"m03_education","edu_public","education"
"data/raw/hbs/20220105/uzb_hbs_2021_20220105_m03_education.dta",2021,"m03_education","edu_cost_tuition","education"
"data/raw/hbs/20220105/uzb_hbs_2021_20220105_m03_education.dta",2021,"m03_education","edu_cost_uniform","education"
"data/raw/hbs/20220105/uzb_hbs_2021_20220105_m03_education.dta",2021,"m03_education","edu_cost_textbook","education"
"data/raw/hbs/20220105/uzb_hbs_2021_20220105_m03_education.dta",2021,"m03_education","edu_cost_supply","education"
"data/raw/hbs/20220105/uzb_hbs_2021_20220105_m03_education.dta",2021,"m03_education","edu_cost_meal","education"
"data/raw/hbs/20220105/uzb_hbs_2021_20220105_m03_education.dta",2021,"m03_education","edu_cost_equipment","education"
"data/raw/hbs/20220105/uzb_hbs_2021_20220105_m03_education.dta",2021,"m03_education","edu_cost_gift","education"
"data/raw/hbs/20220105/uzb_hbs_2021_20220105_m03_education.dta",2021,"m03_education","edu_cost_other","education"
"data/raw/hbs/20220105/uzb_hbs_2021_20220105_m03_education.dta",2021,"m03_education","edu_cost_total","education"
"data/raw/hbs/20220105/uzb_hbs_2021_20220105_m03_education.dta",2021,"m03_education","edu_cost_inkind","education"
"data/raw/hbs/20220105/uzb_hbs_2021_20220105_m03_education.dta",2021,"m03_education","edu_cost_service","education"
"data/raw/hbs/20220105/uzb_hbs_2021_20220105_m03_education.dta",2021,"m03_education","edu_tutor","education"
"data/raw/hbs/20220105/uzb_hbs_2021_20220105_m03_education.dta",2021,"m03_education","edu_tutor_fee","education"
"data/raw/hbs/20221231/uzb_hbs_2022_20221231_m02_migration.dta",2022,"m02_migration","emig_remit_use_educ","education"
"data/raw/hbs/20221231/uzb_hbs_2022_20221231_m03_education.dta",2022,"m03_education","edu_highest","education"
"data/raw/hbs/20221231/uzb_hbs_2022_20221231_m03_education.dta",2022,"m03_education","edu_years","education"
"data/raw/hbs/20221231/uzb_hbs_2022_20221231_m03_education.dta",2022,"m03_education","edu_enrolled","education"
"data/raw/hbs/20221231/uzb_hbs_2022_20221231_m03_education.dta",2022,"m03_education","edu_last_grade","education"
"data/raw/hbs/20221231/uzb_hbs_2022_20221231_m03_education.dta",2022,"m03_education","edu_public","education"
"data/raw/hbs/20221231/uzb_hbs_2022_20221231_m03_education.dta",2022,"m03_education","edu_cost_tuition","education"
"data/raw/hbs/20221231/uzb_hbs_2022_20221231_m03_education.dta",2022,"m03_education","edu_cost_uniform","education"
"data/raw/hbs/20221231/uzb_hbs_2022_20221231_m03_education.dta",2022,"m03_education","edu_cost_textbook","education"
"data/raw/hbs/20221231/uzb_hbs_2022_20221231_m03_education.dta",2022,"m03_education","edu_cost_supply","education"
"data/raw/hbs/20221231/uzb_hbs_2022_20221231_m03_education.dta",2022,"m03_education","edu_cost_meal","education"
"data/raw/hbs/20221231/uzb_hbs_2022_20221231_m03_education.dta",2022,"m03_education","edu_cost_equipment","education"
"data/raw/hbs/20221231/uzb_hbs_2022_20221231_m03_education.dta",2022,"m03_education","edu_cost_gift","education"
"data/raw/hbs/20221231/uzb_hbs_2022_20221231_m03_education.dta",2022,"m03_education","edu_cost_other","education"
"data/raw/hbs/20221231/uzb_hbs_2022_20221231_m03_education.dta",2022,"m03_education","edu_cost_total","education"
"data/raw/hbs/20221231/uzb_hbs_2022_20221231_m03_education.dta",2022,"m03_education","edu_cost_inkind","education"
"data/raw/hbs/20221231/uzb_hbs_2022_20221231_m03_education.dta",2022,"m03_education","edu_cost_service","education"
"data/raw/hbs/20221231/uzb_hbs_2022_20221231_m03_education.dta",2022,"m03_education","edu_tutor","education"
"data/raw/hbs/20221231/uzb_hbs_2022_20221231_m03_education.dta",2022,"m03_education","edu_tutor_fee","education"
"data/raw/hbs/20231230/uzb_hbs_2023_20231230_m02_migration.dta",2023,"m02_migration","emig_remit_use_educ","education"
"data/raw/hbs/20231230/uzb_hbs_2023_20231230_m03_education.dta",2023,"m03_education","edu_highest","education"
"data/raw/hbs/20231230/uzb_hbs_2023_20231230_m03_education.dta",2023,"m03_education","edu_years","education"
"data/raw/hbs/20231230/uzb_hbs_2023_20231230_m03_education.dta",2023,"m03_education","edu_enrolled","education"
"data/raw/hbs/20231230/uzb_hbs_2023_20231230_m03_education.dta",2023,"m03_education","edu_last_grade","education"
"data/raw/hbs/20231230/uzb_hbs_2023_20231230_m03_education.dta",2023,"m03_education","edu_public","education"
"data/raw/hbs/20231230/uzb_hbs_2023_20231230_m03_education.dta",2023,"m03_education","edu_cost_tuition","education"
"data/raw/hbs/20231230/uzb_hbs_2023_20231230_m03_education.dta",2023,"m03_education","edu_cost_uniform","education"
"data/raw/hbs/20231230/uzb_hbs_2023_20231230_m03_education.dta",2023,"m03_education","edu_cost_textbook","education"
"data/raw/hbs/20231230/uzb_hbs_2023_20231230_m03_education.dta",2023,"m03_education","edu_cost_supply","education"
"data/raw/hbs/20231230/uzb_hbs_2023_20231230_m03_education.dta",2023,"m03_education","edu_cost_meal","education"
"data/raw/hbs/20231230/uzb_hbs_2023_20231230_m03_education.dta",2023,"m03_education","edu_cost_equipment","education"
"data/raw/hbs/20231230/uzb_hbs_2023_20231230_m03_education.dta",2023,"m03_education","edu_cost_gift","education"
"data/raw/hbs/20231230/uzb_hbs_2023_20231230_m03_education.dta",2023,"m03_education","edu_cost_other","education"
"data/raw/hbs/20231230/uzb_hbs_2023_20231230_m03_education.dta",2023,"m03_education","edu_cost_total","education"
"data/raw/hbs/20231230/uzb_hbs_2023_20231230_m03_education.dta",2023,"m03_education","edu_cost_inkind","education"
"data/raw/hbs/20231230/uzb_hbs_2023_20231230_m03_education.dta",2023,"m03_education","edu_cost_service","education"
"data/raw/hbs/20231230/uzb_hbs_2023_20231230_m03_education.dta",2023,"m03_education","edu_tutor","education"
"data/raw/hbs/20231230/uzb_hbs_2023_20231230_m03_education.dta",2023,"m03_education","edu_tutor_fee","education"
"data/raw/hbs/20241231/uzb_hbs_2024_20241231_m02_migration.dta",2024,"m02_migration","emig_remit_use_educ","education"
"data/raw/hbs/20241231/uzb_hbs_2024_20241231_m03_education.dta",2024,"m03_education","edu_highest","education"
"data/raw/hbs/20241231/uzb_hbs_2024_20241231_m03_education.dta",2024,"m03_education","edu_years","education"
"data/raw/hbs/20241231/uzb_hbs_2024_20241231_m03_education.dta",2024,"m03_education","edu_complete","education"
"data/raw/hbs/20241231/uzb_hbs_2024_20241231_m03_education.dta",2024,"m03_education","edu_enrolled","education"
"data/raw/hbs/20241231/uzb_hbs_2024_20241231_m03_education.dta",2024,"m03_education","edu_last_grade","education"
"data/raw/hbs/20241231/uzb_hbs_2024_20241231_m03_education.dta",2024,"m03_education","edu_public","education"
"data/raw/hbs/20241231/uzb_hbs_2024_20241231_m03_education.dta",2024,"m03_education","edu_cost_tuition","education"
"data/raw/hbs/20241231/uzb_hbs_2024_20241231_m03_education.dta",2024,"m03_education","edu_cost_uniform","education"
"data/raw/hbs/20241231/uzb_hbs_2024_20241231_m03_education.dta",2024,"m03_education","edu_cost_textbook","education"
"data/raw/hbs/20241231/uzb_hbs_2024_20241231_m03_education.dta",2024,"m03_education","edu_cost_supply","education"
"data/raw/hbs/20241231/uzb_hbs_2024_20241231_m03_education.dta",2024,"m03_education","edu_cost_meal","education"
"data/raw/hbs/20241231/uzb_hbs_2024_20241231_m03_education.dta",2024,"m03_education","edu_cost_equipment","education"
"data/raw/hbs/20241231/uzb_hbs_2024_20241231_m03_education.dta",2024,"m03_education","edu_cost_gift","education"
"data/raw/hbs/20241231/uzb_hbs_2024_20241231_m03_education.dta",2024,"m03_education","edu_cost_other","education"
"data/raw/hbs/20241231/uzb_hbs_2024_20241231_m03_education.dta",2024,"m03_education","edu_cost_total","education"
"data/raw/hbs/20241231/uzb_hbs_2024_20241231_m03_education.dta",2024,"m03_education","edu_cost_inkind","education"
"data/raw/hbs/20241231/uzb_hbs_2024_20241231_m03_education.dta",2024,"m03_education","edu_cost_service","education"
"data/raw/hbs/20241231/uzb_hbs_2024_20241231_m03_education.dta",2024,"m03_education","edu_tutor","education"
"data/raw/hbs/20241231/uzb_hbs_2024_20241231_m03_education.dta",2024,"m03_education","edu_tutor_fee","education"
"data/raw/hbs/20251221/uzb_hbs_2025_20251221_m02_migration.dta",2025,"m02_migration","emig_remit_use_educ","education"
"data/raw/hbs/20251221/uzb_hbs_2025_20251221_m03_education.dta",2025,"m03_education","edu_highest","education"
"data/raw/hbs/20251221/uzb_hbs_2025_20251221_m03_education.dta",2025,"m03_education","edu_stem","education"
"data/raw/hbs/20251221/uzb_hbs_2025_20251221_m03_education.dta",2025,"m03_education","edu_years","education"
"data/raw/hbs/20251221/uzb_hbs_2025_20251221_m03_education.dta",2025,"m03_education","edu_enrolled","education"
"data/raw/hbs/20251221/uzb_hbs_2025_20251221_m03_education.dta",2025,"m03_education","edu_last_grade","education"
"data/raw/hbs/20251221/uzb_hbs_2025_20251221_m03_education.dta",2025,"m03_education","edu_grade","education"
"data/raw/hbs/20251221/uzb_hbs_2025_20251221_m03_education.dta",2025,"m03_education","edu_complete","education"
"data/raw/hbs/20251221/uzb_hbs_2025_20251221_m03_education.dta",2025,"m03_education","edu_public","education"
"data/raw/hbs/20251221/uzb_hbs_2025_20251221_m03_education.dta",2025,"m03_education","edu_cost_tuition","education"
"data/raw/hbs/20251221/uzb_hbs_2025_20251221_m03_education.dta",2025,"m03_education","edu_cost_uniform","education"
"data/raw/hbs/20251221/uzb_hbs_2025_20251221_m03_education.dta",2025,"m03_education","edu_cost_textbook","education"
"data/raw/hbs/20251221/uzb_hbs_2025_20251221_m03_education.dta",2025,"m03_education","edu_cost_supply","education"
"data/raw/hbs/20251221/uzb_hbs_2025_20251221_m03_education.dta",2025,"m03_education","edu_cost_meal","education"
"data/raw/hbs/20251221/uzb_hbs_2025_20251221_m03_education.dta",2025,"m03_education","edu_cost_equipment","education"
"data/raw/hbs/20251221/uzb_hbs_2025_20251221_m03_education.dta",2025,"m03_education","edu_cost_gift","education"
"data/raw/hbs/20251221/uzb_hbs_2025_20251221_m03_education.dta",2025,"m03_education","edu_cost_tutor","education"
"data/raw/hbs/20251221/uzb_hbs_2025_20251221_m03_education.dta",2025,"m03_education","edu_cost_other","education"
"data/raw/hbs/20251221/uzb_hbs_2025_20251221_m03_education.dta",2025,"m03_education","edu_cost_total","education"
"data/raw/hbs/20251221/uzb_hbs_2025_20251221_m03_education.dta",2025,"m03_education","edu_cost_inkind","education"
"data/raw/hbs/20251221/uzb_hbs_2025_20251221_m03_education.dta",2025,"m03_education","edu_cost_service","education"
"data/raw/hbs/20220105/uzb_hbs_2021_20220105_m00_passport.dta",2021,"m00_passport","mahalla","region"
"data/raw/hbs/20220105/uzb_hbs_2021_20220105_m00_weight.dta",2021,"m00_weight","mahalla","region"
"data/raw/hbs/20220105/uzb_hbs_2021_20220105_m00_weight.dta",2021,"m00_weight","urban","region"
"data/raw/hbs/20220105/uzb_hbs_2021_20220105_m00_weight1.dta",2021,"m00_weight1","mahalla","region"
"data/raw/hbs/20220105/uzb_hbs_2021_20220105_m00_weight1.dta",2021,"m00_weight1","urban","region"
"data/raw/hbs/20220105/uzb_hbs_2021_20220105_m00_weight2.dta",2021,"m00_weight2","mahalla","region"
"data/raw/hbs/20220105/uzb_hbs_2021_20220105_m00_weight2.dta",2021,"m00_weight2","urban","region"
"data/raw/hbs/20220105/uzb_hbs_2021_20220105_m01_roster.dta",2021,"m01_roster","mahalla","region"
"data/raw/hbs/20220105/uzb_hbs_2021_20220105_m02_migration.dta",2021,"m02_migration","mahalla","region"
"data/raw/hbs/20220105/uzb_hbs_2021_20220105_m02_migration.dta",2021,"m02_migration","immig_district","region"
"data/raw/hbs/20220105/uzb_hbs_2021_20220105_m03_education.dta",2021,"m03_education","mahalla","region"
"data/raw/hbs/20220105/uzb_hbs_2021_20220105_m13_internet.dta",2021,"m13_internet","mahalla","region"
"data/raw/hbs/20221231/uzb_hbs_2022_20221231_m00_passport.dta",2022,"m00_passport","mahalla","region"
"data/raw/hbs/20221231/uzb_hbs_2022_20221231_m01_roster.dta",2022,"m01_roster","mahalla","region"
"data/raw/hbs/20221231/uzb_hbs_2022_20221231_m02_migration.dta",2022,"m02_migration","mahalla","region"
"data/raw/hbs/20221231/uzb_hbs_2022_20221231_m02_migration.dta",2022,"m02_migration","immig_district","region"
"data/raw/hbs/20221231/uzb_hbs_2022_20221231_m03_education.dta",2022,"m03_education","mahalla","region"
"data/raw/hbs/20221231/uzb_hbs_2022_20221231_m13_internet.dta",2022,"m13_internet","mahalla","region"
"data/raw/hbs/20231230/uzb_hbs_2023_20231230_m00_passport.dta",2023,"m00_passport","mahalla","region"
"data/raw/hbs/20231230/uzb_hbs_2023_20231230_m00_weight.dta",2023,"m00_weight","mahalla","region"
"data/raw/hbs/20231230/uzb_hbs_2023_20231230_m00_weight.dta",2023,"m00_weight","urban","region"
"data/raw/hbs/20231230/uzb_hbs_2023_20231230_m00_weight.dta",2023,"m00_weight","mah_id","region"
"data/raw/hbs/20231230/uzb_hbs_2023_20231230_m00_weight.dta",2023,"m00_weight","nhh_mahalla","region"
"data/raw/hbs/20231230/uzb_hbs_2023_20231230_m01_roster.dta",2023,"m01_roster","mahalla","region"
"data/raw/hbs/20231230/uzb_hbs_2023_20231230_m02_migration.dta",2023,"m02_migration","mahalla","region"
"data/raw/hbs/20231230/uzb_hbs_2023_20231230_m02_migration.dta",2023,"m02_migration","immig_district","region"
"data/raw/hbs/20231230/uzb_hbs_2023_20231230_m03_education.dta",2023,"m03_education","mahalla","region"
"data/raw/hbs/20231230/uzb_hbs_2023_20231230_m13_internet.dta",2023,"m13_internet","mahalla","region"
"data/raw/hbs/20241231/uzb_hbs_2024_20241231_m00_passport.dta",2024,"m00_passport","mahalla","region"
"data/raw/hbs/20241231/uzb_hbs_2024_20241231_m00_weight.dta",2024,"m00_weight","mahalla","region"
"data/raw/hbs/20241231/uzb_hbs_2024_20241231_m00_weight.dta",2024,"m00_weight","mahalla_saoto1","region"
"data/raw/hbs/20241231/uzb_hbs_2024_20241231_m00_weight.dta",2024,"m00_weight","urban","region"
"data/raw/hbs/20241231/uzb_hbs_2024_20241231_m00_weight.dta",2024,"m00_weight","mah_id","region"
"data/raw/hbs/20241231/uzb_hbs_2024_20241231_m00_weight.dta",2024,"m00_weight","nhh_mahalla","region"
"data/raw/hbs/20241231/uzb_hbs_2024_20241231_m01_roster.dta",2024,"m01_roster","mahalla","region"
"data/raw/hbs/20241231/uzb_hbs_2024_20241231_m02_migration.dta",2024,"m02_migration","mahalla","region"
"data/raw/hbs/20241231/uzb_hbs_2024_20241231_m02_migration.dta",2024,"m02_migration","immig_district","region"
"data/raw/hbs/20241231/uzb_hbs_2024_20241231_m03_education.dta",2024,"m03_education","mahalla","region"
"data/raw/hbs/20241231/uzb_hbs_2024_20241231_m13_internet.dta",2024,"m13_internet","mahalla","region"
"data/raw/hbs/20251221/uzb_hbs_2025_20251221_m00_passport.dta",2025,"m00_passport","mahalla","region"
"data/raw/hbs/20251221/uzb_hbs_2025_20251221_m00_weight.dta",2025,"m00_weight","mahalla","region"
"data/raw/hbs/20251221/uzb_hbs_2025_20251221_m00_weight.dta",2025,"m00_weight","mahalla_saoto1","region"
"data/raw/hbs/20251221/uzb_hbs_2025_20251221_m00_weight.dta",2025,"m00_weight","mah_id","region"
"data/raw/hbs/20251221/uzb_hbs_2025_20251221_m00_weight.dta",2025,"m00_weight","urban","region"
"data/raw/hbs/20251221/uzb_hbs_2025_20251221_m00_weight.dta",2025,"m00_weight","nhh_mahalla","region"
"data/raw/hbs/20251221/uzb_hbs_2025_20251221_m01_roster.dta",2025,"m01_roster","mahalla","region"
"data/raw/hbs/20251221/uzb_hbs_2025_20251221_m02_migration.dta",2025,"m02_migration","mahalla","region"
"data/raw/hbs/20251221/uzb_hbs_2025_20251221_m02_migration.dta",2025,"m02_migration","immig_district","region"
"data/raw/hbs/20251221/uzb_hbs_2025_20251221_m03_education.dta",2025,"m03_education","mahalla","region"
"data/raw/hbs/20220105/uzb_hbs_2021_20220105_m00_passport.dta",2021,"m00_passport","dur_nonwage","income"
"data/raw/hbs/20220105/uzb_hbs_2021_20220105_m02_migration.dta",2021,"m02_migration","emig_remit","income"
"data/raw/hbs/20220105/uzb_hbs_2021_20220105_m02_migration.dta",2021,"m02_migration","emig_remit_val","income"
"data/raw/hbs/20220105/uzb_hbs_2021_20220105_m02_migration.dta",2021,"m02_migration","emig_remit_use","income"
"data/raw/hbs/20220105/uzb_hbs_2021_20220105_m02_migration.dta",2021,"m02_migration","emig_remit_use_food","income"
"data/raw/hbs/20220105/uzb_hbs_2021_20220105_m02_migration.dta",2021,"m02_migration","emig_remit_use_educ","income"
"data/raw/hbs/20220105/uzb_hbs_2021_20220105_m02_migration.dta",2021,"m02_migration","emig_remit_use_health","income"
"data/raw/hbs/20220105/uzb_hbs_2021_20220105_m02_migration.dta",2021,"m02_migration","emig_remit_use_savings","income"
"data/raw/hbs/20220105/uzb_hbs_2021_20220105_m02_migration.dta",2021,"m02_migration","emig_remit_use_housing","income"
"data/raw/hbs/20220105/uzb_hbs_2021_20220105_m02_migration.dta",2021,"m02_migration","emig_remit_use_travel","income"
"data/raw/hbs/20220105/uzb_hbs_2021_20220105_m02_migration.dta",2021,"m02_migration","emig_remit_use_recreation","income"
"data/raw/hbs/20220105/uzb_hbs_2021_20220105_m02_migration.dta",2021,"m02_migration","emig_remit_use_debt","income"
"data/raw/hbs/20220105/uzb_hbs_2021_20220105_m02_migration.dta",2021,"m02_migration","emig_remit_use_wedding","income"
"data/raw/hbs/20220105/uzb_hbs_2021_20220105_m02_migration.dta",2021,"m02_migration","emig_remit_use_car","income"
"data/raw/hbs/20220105/uzb_hbs_2021_20220105_m02_migration.dta",2021,"m02_migration","emig_remit_use_other","income"
"data/raw/hbs/20220105/uzb_hbs_2021_20220105_m02_migration.dta",2021,"m02_migration","emig_remit_use_other_txt","income"
"data/raw/hbs/20220105/uzb_hbs_2021_20220105_m02_migration.dta",2021,"m02_migration","emig_remit_method","income"
"data/raw/hbs/20221231/uzb_hbs_2022_20221231_m00_passport.dta",2022,"m00_passport","dur_nonwage","income"
"data/raw/hbs/20221231/uzb_hbs_2022_20221231_m02_migration.dta",2022,"m02_migration","emig_remit","income"
"data/raw/hbs/20221231/uzb_hbs_2022_20221231_m02_migration.dta",2022,"m02_migration","emig_remit_val","income"
"data/raw/hbs/20221231/uzb_hbs_2022_20221231_m02_migration.dta",2022,"m02_migration","emig_remit_use","income"
"data/raw/hbs/20221231/uzb_hbs_2022_20221231_m02_migration.dta",2022,"m02_migration","emig_remit_use_food","income"
"data/raw/hbs/20221231/uzb_hbs_2022_20221231_m02_migration.dta",2022,"m02_migration","emig_remit_use_educ","income"
"data/raw/hbs/20221231/uzb_hbs_2022_20221231_m02_migration.dta",2022,"m02_migration","emig_remit_use_health","income"
"data/raw/hbs/20221231/uzb_hbs_2022_20221231_m02_migration.dta",2022,"m02_migration","emig_remit_use_savings","income"
"data/raw/hbs/20221231/uzb_hbs_2022_20221231_m02_migration.dta",2022,"m02_migration","emig_remit_use_housing","income"
"data/raw/hbs/20221231/uzb_hbs_2022_20221231_m02_migration.dta",2022,"m02_migration","emig_remit_use_travel","income"
"data/raw/hbs/20221231/uzb_hbs_2022_20221231_m02_migration.dta",2022,"m02_migration","emig_remit_use_recreation","income"
"data/raw/hbs/20221231/uzb_hbs_2022_20221231_m02_migration.dta",2022,"m02_migration","emig_remit_use_debt","income"
"data/raw/hbs/20221231/uzb_hbs_2022_20221231_m02_migration.dta",2022,"m02_migration","emig_remit_use_wedding","income"
"data/raw/hbs/20221231/uzb_hbs_2022_20221231_m02_migration.dta",2022,"m02_migration","emig_remit_use_car","income"
"data/raw/hbs/20221231/uzb_hbs_2022_20221231_m02_migration.dta",2022,"m02_migration","emig_remit_use_other","income"
"data/raw/hbs/20221231/uzb_hbs_2022_20221231_m02_migration.dta",2022,"m02_migration","emig_remit_use_other_txt","income"
"data/raw/hbs/20221231/uzb_hbs_2022_20221231_m02_migration.dta",2022,"m02_migration","emig_remit_method","income"
"data/raw/hbs/20231230/uzb_hbs_2023_20231230_m00_passport.dta",2023,"m00_passport","dur_nonwage","income"
"data/raw/hbs/20231230/uzb_hbs_2023_20231230_m02_migration.dta",2023,"m02_migration","emig_remit","income"
"data/raw/hbs/20231230/uzb_hbs_2023_20231230_m02_migration.dta",2023,"m02_migration","emig_remit_val","income"
"data/raw/hbs/20231230/uzb_hbs_2023_20231230_m02_migration.dta",2023,"m02_migration","emig_remit_use","income"
"data/raw/hbs/20231230/uzb_hbs_2023_20231230_m02_migration.dta",2023,"m02_migration","emig_remit_use_food","income"
"data/raw/hbs/20231230/uzb_hbs_2023_20231230_m02_migration.dta",2023,"m02_migration","emig_remit_use_educ","income"
"data/raw/hbs/20231230/uzb_hbs_2023_20231230_m02_migration.dta",2023,"m02_migration","emig_remit_use_health","income"
"data/raw/hbs/20231230/uzb_hbs_2023_20231230_m02_migration.dta",2023,"m02_migration","emig_remit_use_savings","income"
"data/raw/hbs/20231230/uzb_hbs_2023_20231230_m02_migration.dta",2023,"m02_migration","emig_remit_use_housing","income"
"data/raw/hbs/20231230/uzb_hbs_2023_20231230_m02_migration.dta",2023,"m02_migration","emig_remit_use_travel","income"
"data/raw/hbs/20231230/uzb_hbs_2023_20231230_m02_migration.dta",2023,"m02_migration","emig_remit_use_recreation","income"
"data/raw/hbs/20231230/uzb_hbs_2023_20231230_m02_migration.dta",2023,"m02_migration","emig_remit_use_debt","income"
"data/raw/hbs/20231230/uzb_hbs_2023_20231230_m02_migration.dta",2023,"m02_migration","emig_remit_use_wedding","income"
"data/raw/hbs/20231230/uzb_hbs_2023_20231230_m02_migration.dta",2023,"m02_migration","emig_remit_use_car","income"
"data/raw/hbs/20231230/uzb_hbs_2023_20231230_m02_migration.dta",2023,"m02_migration","emig_remit_use_other","income"
"data/raw/hbs/20231230/uzb_hbs_2023_20231230_m02_migration.dta",2023,"m02_migration","emig_remit_use_other_txt","income"
"data/raw/hbs/20231230/uzb_hbs_2023_20231230_m02_migration.dta",2023,"m02_migration","emig_remit_method","income"
"data/raw/hbs/20241231/uzb_hbs_2024_20241231_m00_passport.dta",2024,"m00_passport","dur_nonwage","income"
"data/raw/hbs/20241231/uzb_hbs_2024_20241231_m02_migration.dta",2024,"m02_migration","emig_remit","income"
"data/raw/hbs/20241231/uzb_hbs_2024_20241231_m02_migration.dta",2024,"m02_migration","emig_remit_val","income"
"data/raw/hbs/20241231/uzb_hbs_2024_20241231_m02_migration.dta",2024,"m02_migration","emig_remit_use","income"
"data/raw/hbs/20241231/uzb_hbs_2024_20241231_m02_migration.dta",2024,"m02_migration","emig_remit_use_food","income"
"data/raw/hbs/20241231/uzb_hbs_2024_20241231_m02_migration.dta",2024,"m02_migration","emig_remit_use_educ","income"
"data/raw/hbs/20241231/uzb_hbs_2024_20241231_m02_migration.dta",2024,"m02_migration","emig_remit_use_health","income"
"data/raw/hbs/20241231/uzb_hbs_2024_20241231_m02_migration.dta",2024,"m02_migration","emig_remit_use_savings","income"
"data/raw/hbs/20241231/uzb_hbs_2024_20241231_m02_migration.dta",2024,"m02_migration","emig_remit_use_housing","income"
"data/raw/hbs/20241231/uzb_hbs_2024_20241231_m02_migration.dta",2024,"m02_migration","emig_remit_use_travel","income"
"data/raw/hbs/20241231/uzb_hbs_2024_20241231_m02_migration.dta",2024,"m02_migration","emig_remit_use_recreation","income"
"data/raw/hbs/20241231/uzb_hbs_2024_20241231_m02_migration.dta",2024,"m02_migration","emig_remit_use_debt","income"
"data/raw/hbs/20241231/uzb_hbs_2024_20241231_m02_migration.dta",2024,"m02_migration","emig_remit_use_wedding","income"
"data/raw/hbs/20241231/uzb_hbs_2024_20241231_m02_migration.dta",2024,"m02_migration","emig_remit_use_car","income"
"data/raw/hbs/20241231/uzb_hbs_2024_20241231_m02_migration.dta",2024,"m02_migration","emig_remit_use_other","income"
"data/raw/hbs/20241231/uzb_hbs_2024_20241231_m02_migration.dta",2024,"m02_migration","emig_remit_use_other_txt","income"
"data/raw/hbs/20241231/uzb_hbs_2024_20241231_m02_migration.dta",2024,"m02_migration","emig_remit_method","income"
"data/raw/hbs/20251221/uzb_hbs_2025_20251221_m00_passport.dta",2025,"m00_passport","dur_nonwage","income"
"data/raw/hbs/20251221/uzb_hbs_2025_20251221_m02_migration.dta",2025,"m02_migration","emig_remit","income"
"data/raw/hbs/20251221/uzb_hbs_2025_20251221_m02_migration.dta",2025,"m02_migration","emig_remit_val","income"
"data/raw/hbs/20251221/uzb_hbs_2025_20251221_m02_migration.dta",2025,"m02_migration","emig_remit_use","income"
"data/raw/hbs/20251221/uzb_hbs_2025_20251221_m02_migration.dta",2025,"m02_migration","emig_remit_use_food","income"
"data/raw/hbs/20251221/uzb_hbs_2025_20251221_m02_migration.dta",2025,"m02_migration","emig_remit_use_educ","income"
"data/raw/hbs/20251221/uzb_hbs_2025_20251221_m02_migration.dta",2025,"m02_migration","emig_remit_use_health","income"
"data/raw/hbs/20251221/uzb_hbs_2025_20251221_m02_migration.dta",2025,"m02_migration","emig_remit_use_savings","income"
"data/raw/hbs/20251221/uzb_hbs_2025_20251221_m02_migration.dta",2025,"m02_migration","emig_remit_use_housing","income"
"data/raw/hbs/20251221/uzb_hbs_2025_20251221_m02_migration.dta",2025,"m02_migration","emig_remit_use_travel","income"
"data/raw/hbs/20251221/uzb_hbs_2025_20251221_m02_migration.dta",2025,"m02_migration","emig_remit_use_recreation","income"
"data/raw/hbs/20251221/uzb_hbs_2025_20251221_m02_migration.dta",2025,"m02_migration","emig_remit_use_debt","income"
"data/raw/hbs/20251221/uzb_hbs_2025_20251221_m02_migration.dta",2025,"m02_migration","emig_remit_use_wedding","income"
"data/raw/hbs/20251221/uzb_hbs_2025_20251221_m02_migration.dta",2025,"m02_migration","emig_remit_use_car","income"
"data/raw/hbs/20251221/uzb_hbs_2025_20251221_m02_migration.dta",2025,"m02_migration","emig_remit_use_other","income"
"data/raw/hbs/20251221/uzb_hbs_2025_20251221_m02_migration.dta",2025,"m02_migration","emig_remit_use_other_txt","income"
"data/raw/hbs/20251221/uzb_hbs_2025_20251221_m02_migration.dta",2025,"m02_migration","emig_remit_method","income"
"data/raw/hbs/20220105/uzb_hbs_2021_20220105_m00_weight.dta",2021,"m00_weight","popw","weight"
"data/raw/hbs/20220105/uzb_hbs_2021_20220105_m00_weight.dta",2021,"m00_weight","uwgt","weight"
"data/raw/hbs/20220105/uzb_hbs_2021_20220105_m00_weight1.dta",2021,"m00_weight1","popw","weight"
"data/raw/hbs/20220105/uzb_hbs_2021_20220105_m00_weight2.dta",2021,"m00_weight2","popw","weight"
"data/raw/hbs/20231230/uzb_hbs_2023_20231230_m00_weight.dta",2023,"m00_weight","popw","weight"
"data/raw/hbs/20241231/uzb_hbs_2024_20241231_m00_weight.dta",2024,"m00_weight","popw","weight"
"data/raw/hbs/20251221/uzb_hbs_2025_20251221_m00_weight.dta",2025,"m00_weight","popw","weight"
"data/raw/hbs/20220105/uzb_hbs_2021_20220105_m02_migration.dta",2021,"m02_migration","emig_remit","migration"
"data/raw/hbs/20220105/uzb_hbs_2021_20220105_m02_migration.dta",2021,"m02_migration","emig_remit_val","migration"
"data/raw/hbs/20220105/uzb_hbs_2021_20220105_m02_migration.dta",2021,"m02_migration","emig_remit_use","migration"
"data/raw/hbs/20220105/uzb_hbs_2021_20220105_m02_migration.dta",2021,"m02_migration","emig_remit_use_food","migration"
"data/raw/hbs/20220105/uzb_hbs_2021_20220105_m02_migration.dta",2021,"m02_migration","emig_remit_use_educ","migration"
"data/raw/hbs/20220105/uzb_hbs_2021_20220105_m02_migration.dta",2021,"m02_migration","emig_remit_use_health","migration"
"data/raw/hbs/20220105/uzb_hbs_2021_20220105_m02_migration.dta",2021,"m02_migration","emig_remit_use_savings","migration"
"data/raw/hbs/20220105/uzb_hbs_2021_20220105_m02_migration.dta",2021,"m02_migration","emig_remit_use_housing","migration"
"data/raw/hbs/20220105/uzb_hbs_2021_20220105_m02_migration.dta",2021,"m02_migration","emig_remit_use_travel","migration"
"data/raw/hbs/20220105/uzb_hbs_2021_20220105_m02_migration.dta",2021,"m02_migration","emig_remit_use_recreation","migration"
"data/raw/hbs/20220105/uzb_hbs_2021_20220105_m02_migration.dta",2021,"m02_migration","emig_remit_use_debt","migration"
"data/raw/hbs/20220105/uzb_hbs_2021_20220105_m02_migration.dta",2021,"m02_migration","emig_remit_use_wedding","migration"
"data/raw/hbs/20220105/uzb_hbs_2021_20220105_m02_migration.dta",2021,"m02_migration","emig_remit_use_car","migration"
"data/raw/hbs/20220105/uzb_hbs_2021_20220105_m02_migration.dta",2021,"m02_migration","emig_remit_use_other","migration"
"data/raw/hbs/20220105/uzb_hbs_2021_20220105_m02_migration.dta",2021,"m02_migration","emig_remit_use_other_txt","migration"
"data/raw/hbs/20220105/uzb_hbs_2021_20220105_m02_migration.dta",2021,"m02_migration","emig_remit_method","migration"
"data/raw/hbs/20221231/uzb_hbs_2022_20221231_m02_migration.dta",2022,"m02_migration","emig_remit","migration"
"data/raw/hbs/20221231/uzb_hbs_2022_20221231_m02_migration.dta",2022,"m02_migration","emig_remit_val","migration"
"data/raw/hbs/20221231/uzb_hbs_2022_20221231_m02_migration.dta",2022,"m02_migration","emig_remit_use","migration"
"data/raw/hbs/20221231/uzb_hbs_2022_20221231_m02_migration.dta",2022,"m02_migration","emig_remit_use_food","migration"
"data/raw/hbs/20221231/uzb_hbs_2022_20221231_m02_migration.dta",2022,"m02_migration","emig_remit_use_educ","migration"
"data/raw/hbs/20221231/uzb_hbs_2022_20221231_m02_migration.dta",2022,"m02_migration","emig_remit_use_health","migration"
"data/raw/hbs/20221231/uzb_hbs_2022_20221231_m02_migration.dta",2022,"m02_migration","emig_remit_use_savings","migration"
"data/raw/hbs/20221231/uzb_hbs_2022_20221231_m02_migration.dta",2022,"m02_migration","emig_remit_use_housing","migration"
"data/raw/hbs/20221231/uzb_hbs_2022_20221231_m02_migration.dta",2022,"m02_migration","emig_remit_use_travel","migration"
"data/raw/hbs/20221231/uzb_hbs_2022_20221231_m02_migration.dta",2022,"m02_migration","emig_remit_use_recreation","migration"
"data/raw/hbs/20221231/uzb_hbs_2022_20221231_m02_migration.dta",2022,"m02_migration","emig_remit_use_debt","migration"
"data/raw/hbs/20221231/uzb_hbs_2022_20221231_m02_migration.dta",2022,"m02_migration","emig_remit_use_wedding","migration"
"data/raw/hbs/20221231/uzb_hbs_2022_20221231_m02_migration.dta",2022,"m02_migration","emig_remit_use_car","migration"
"data/raw/hbs/20221231/uzb_hbs_2022_20221231_m02_migration.dta",2022,"m02_migration","emig_remit_use_other","migration"
"data/raw/hbs/20221231/uzb_hbs_2022_20221231_m02_migration.dta",2022,"m02_migration","emig_remit_use_other_txt","migration"
"data/raw/hbs/20221231/uzb_hbs_2022_20221231_m02_migration.dta",2022,"m02_migration","emig_remit_method","migration"
"data/raw/hbs/20231230/uzb_hbs_2023_20231230_m02_migration.dta",2023,"m02_migration","emig_remit","migration"
"data/raw/hbs/20231230/uzb_hbs_2023_20231230_m02_migration.dta",2023,"m02_migration","emig_remit_val","migration"
"data/raw/hbs/20231230/uzb_hbs_2023_20231230_m02_migration.dta",2023,"m02_migration","emig_remit_use","migration"
"data/raw/hbs/20231230/uzb_hbs_2023_20231230_m02_migration.dta",2023,"m02_migration","emig_remit_use_food","migration"
"data/raw/hbs/20231230/uzb_hbs_2023_20231230_m02_migration.dta",2023,"m02_migration","emig_remit_use_educ","migration"
"data/raw/hbs/20231230/uzb_hbs_2023_20231230_m02_migration.dta",2023,"m02_migration","emig_remit_use_health","migration"
"data/raw/hbs/20231230/uzb_hbs_2023_20231230_m02_migration.dta",2023,"m02_migration","emig_remit_use_savings","migration"
"data/raw/hbs/20231230/uzb_hbs_2023_20231230_m02_migration.dta",2023,"m02_migration","emig_remit_use_housing","migration"
"data/raw/hbs/20231230/uzb_hbs_2023_20231230_m02_migration.dta",2023,"m02_migration","emig_remit_use_travel","migration"
"data/raw/hbs/20231230/uzb_hbs_2023_20231230_m02_migration.dta",2023,"m02_migration","emig_remit_use_recreation","migration"
"data/raw/hbs/20231230/uzb_hbs_2023_20231230_m02_migration.dta",2023,"m02_migration","emig_remit_use_debt","migration"
"data/raw/hbs/20231230/uzb_hbs_2023_20231230_m02_migration.dta",2023,"m02_migration","emig_remit_use_wedding","migration"
"data/raw/hbs/20231230/uzb_hbs_2023_20231230_m02_migration.dta",2023,"m02_migration","emig_remit_use_car","migration"
"data/raw/hbs/20231230/uzb_hbs_2023_20231230_m02_migration.dta",2023,"m02_migration","emig_remit_use_other","migration"
"data/raw/hbs/20231230/uzb_hbs_2023_20231230_m02_migration.dta",2023,"m02_migration","emig_remit_use_other_txt","migration"
"data/raw/hbs/20231230/uzb_hbs_2023_20231230_m02_migration.dta",2023,"m02_migration","emig_remit_method","migration"
"data/raw/hbs/20241231/uzb_hbs_2024_20241231_m02_migration.dta",2024,"m02_migration","emig_remit","migration"
"data/raw/hbs/20241231/uzb_hbs_2024_20241231_m02_migration.dta",2024,"m02_migration","emig_remit_val","migration"
"data/raw/hbs/20241231/uzb_hbs_2024_20241231_m02_migration.dta",2024,"m02_migration","emig_remit_use","migration"
"data/raw/hbs/20241231/uzb_hbs_2024_20241231_m02_migration.dta",2024,"m02_migration","emig_remit_use_food","migration"
"data/raw/hbs/20241231/uzb_hbs_2024_20241231_m02_migration.dta",2024,"m02_migration","emig_remit_use_educ","migration"
"data/raw/hbs/20241231/uzb_hbs_2024_20241231_m02_migration.dta",2024,"m02_migration","emig_remit_use_health","migration"
"data/raw/hbs/20241231/uzb_hbs_2024_20241231_m02_migration.dta",2024,"m02_migration","emig_remit_use_savings","migration"
"data/raw/hbs/20241231/uzb_hbs_2024_20241231_m02_migration.dta",2024,"m02_migration","emig_remit_use_housing","migration"
"data/raw/hbs/20241231/uzb_hbs_2024_20241231_m02_migration.dta",2024,"m02_migration","emig_remit_use_travel","migration"
"data/raw/hbs/20241231/uzb_hbs_2024_20241231_m02_migration.dta",2024,"m02_migration","emig_remit_use_recreation","migration"
"data/raw/hbs/20241231/uzb_hbs_2024_20241231_m02_migration.dta",2024,"m02_migration","emig_remit_use_debt","migration"
"data/raw/hbs/20241231/uzb_hbs_2024_20241231_m02_migration.dta",2024,"m02_migration","emig_remit_use_wedding","migration"
"data/raw/hbs/20241231/uzb_hbs_2024_20241231_m02_migration.dta",2024,"m02_migration","emig_remit_use_car","migration"
"data/raw/hbs/20241231/uzb_hbs_2024_20241231_m02_migration.dta",2024,"m02_migration","emig_remit_use_other","migration"
"data/raw/hbs/20241231/uzb_hbs_2024_20241231_m02_migration.dta",2024,"m02_migration","emig_remit_use_other_txt","migration"
"data/raw/hbs/20241231/uzb_hbs_2024_20241231_m02_migration.dta",2024,"m02_migration","emig_remit_method","migration"
"data/raw/hbs/20251221/uzb_hbs_2025_20251221_m02_migration.dta",2025,"m02_migration","emig_remit","migration"
"data/raw/hbs/20251221/uzb_hbs_2025_20251221_m02_migration.dta",2025,"m02_migration","emig_remit_val","migration"
"data/raw/hbs/20251221/uzb_hbs_2025_20251221_m02_migration.dta",2025,"m02_migration","emig_remit_use","migration"
"data/raw/hbs/20251221/uzb_hbs_2025_20251221_m02_migration.dta",2025,"m02_migration","emig_remit_use_food","migration"
"data/raw/hbs/20251221/uzb_hbs_2025_20251221_m02_migration.dta",2025,"m02_migration","emig_remit_use_educ","migration"
"data/raw/hbs/20251221/uzb_hbs_2025_20251221_m02_migration.dta",2025,"m02_migration","emig_remit_use_health","migration"
"data/raw/hbs/20251221/uzb_hbs_2025_20251221_m02_migration.dta",2025,"m02_migration","emig_remit_use_savings","migration"
"data/raw/hbs/20251221/uzb_hbs_2025_20251221_m02_migration.dta",2025,"m02_migration","emig_remit_use_housing","migration"
"data/raw/hbs/20251221/uzb_hbs_2025_20251221_m02_migration.dta",2025,"m02_migration","emig_remit_use_travel","migration"
"data/raw/hbs/20251221/uzb_hbs_2025_20251221_m02_migration.dta",2025,"m02_migration","emig_remit_use_recreation","migration"
"data/raw/hbs/20251221/uzb_hbs_2025_20251221_m02_migration.dta",2025,"m02_migration","emig_remit_use_debt","migration"
"data/raw/hbs/20251221/uzb_hbs_2025_20251221_m02_migration.dta",2025,"m02_migration","emig_remit_use_wedding","migration"
"data/raw/hbs/20251221/uzb_hbs_2025_20251221_m02_migration.dta",2025,"m02_migration","emig_remit_use_car","migration"
"data/raw/hbs/20251221/uzb_hbs_2025_20251221_m02_migration.dta",2025,"m02_migration","emig_remit_use_other","migration"
"data/raw/hbs/20251221/uzb_hbs_2025_20251221_m02_migration.dta",2025,"m02_migration","emig_remit_use_other_txt","migration"
"data/raw/hbs/20251221/uzb_hbs_2025_20251221_m02_migration.dta",2025,"m02_migration","emig_remit_method","migration"
"data/raw/hbs/20220105/uzb_hbs_2021_20220105_m00_passport.dta",2021,"m00_passport","dur_nonwage","child"
"data/raw/hbs/20220105/uzb_hbs_2021_20220105_m01_roster.dta",2021,"m01_roster","age","child"
"data/raw/hbs/20220105/uzb_hbs_2021_20220105_m01_roster.dta",2021,"m01_roster","language_native","child"
"data/raw/hbs/20220105/uzb_hbs_2021_20220105_m01_roster.dta",2021,"m01_roster","language_second","child"
"data/raw/hbs/20220105/uzb_hbs_2021_20220105_m01_roster.dta",2021,"m01_roster","language_third","child"
"data/raw/hbs/20220105/uzb_hbs_2021_20220105_m02_migration.dta",2021,"m02_migration","age","child"
"data/raw/hbs/20220105/uzb_hbs_2021_20220105_m02_migration.dta",2021,"m02_migration","language_native","child"
"data/raw/hbs/20220105/uzb_hbs_2021_20220105_m02_migration.dta",2021,"m02_migration","language_second","child"
"data/raw/hbs/20220105/uzb_hbs_2021_20220105_m02_migration.dta",2021,"m02_migration","language_third","child"
"data/raw/hbs/20220105/uzb_hbs_2021_20220105_m02_migration.dta",2021,"m02_migration","emig_work_agency","child"
"data/raw/hbs/20220105/uzb_hbs_2021_20220105_m03_education.dta",2021,"m03_education","age","child"
"data/raw/hbs/20220105/uzb_hbs_2021_20220105_m03_education.dta",2021,"m03_education","language_native","child"
"data/raw/hbs/20220105/uzb_hbs_2021_20220105_m03_education.dta",2021,"m03_education","language_second","child"
"data/raw/hbs/20220105/uzb_hbs_2021_20220105_m03_education.dta",2021,"m03_education","language_third","child"
"data/raw/hbs/20220105/uzb_hbs_2021_20220105_m13_internet.dta",2021,"m13_internet","age","child"
"data/raw/hbs/20220105/uzb_hbs_2021_20220105_m13_internet.dta",2021,"m13_internet","language_native","child"
"data/raw/hbs/20220105/uzb_hbs_2021_20220105_m13_internet.dta",2021,"m13_internet","language_second","child"
"data/raw/hbs/20220105/uzb_hbs_2021_20220105_m13_internet.dta",2021,"m13_internet","language_third","child"
"data/raw/hbs/20221231/uzb_hbs_2022_20221231_m00_passport.dta",2022,"m00_passport","dur_nonwage","child"
"data/raw/hbs/20221231/uzb_hbs_2022_20221231_m01_roster.dta",2022,"m01_roster","age","child"
"data/raw/hbs/20221231/uzb_hbs_2022_20221231_m01_roster.dta",2022,"m01_roster","language_native","child"
"data/raw/hbs/20221231/uzb_hbs_2022_20221231_m01_roster.dta",2022,"m01_roster","language_second","child"
"data/raw/hbs/20221231/uzb_hbs_2022_20221231_m01_roster.dta",2022,"m01_roster","language_third","child"
"data/raw/hbs/20221231/uzb_hbs_2022_20221231_m02_migration.dta",2022,"m02_migration","age","child"
"data/raw/hbs/20221231/uzb_hbs_2022_20221231_m02_migration.dta",2022,"m02_migration","language_native","child"
"data/raw/hbs/20221231/uzb_hbs_2022_20221231_m02_migration.dta",2022,"m02_migration","language_second","child"
"data/raw/hbs/20221231/uzb_hbs_2022_20221231_m02_migration.dta",2022,"m02_migration","language_third","child"
"data/raw/hbs/20221231/uzb_hbs_2022_20221231_m02_migration.dta",2022,"m02_migration","emig_work_agency","child"
"data/raw/hbs/20221231/uzb_hbs_2022_20221231_m03_education.dta",2022,"m03_education","age","child"
"data/raw/hbs/20221231/uzb_hbs_2022_20221231_m03_education.dta",2022,"m03_education","language_native","child"
"data/raw/hbs/20221231/uzb_hbs_2022_20221231_m03_education.dta",2022,"m03_education","language_second","child"
"data/raw/hbs/20221231/uzb_hbs_2022_20221231_m03_education.dta",2022,"m03_education","language_third","child"
"data/raw/hbs/20221231/uzb_hbs_2022_20221231_m13_internet.dta",2022,"m13_internet","age","child"
"data/raw/hbs/20221231/uzb_hbs_2022_20221231_m13_internet.dta",2022,"m13_internet","language_native","child"
"data/raw/hbs/20221231/uzb_hbs_2022_20221231_m13_internet.dta",2022,"m13_internet","language_second","child"
"data/raw/hbs/20221231/uzb_hbs_2022_20221231_m13_internet.dta",2022,"m13_internet","language_third","child"
"data/raw/hbs/20231230/uzb_hbs_2023_20231230_m00_passport.dta",2023,"m00_passport","dur_nonwage","child"
"data/raw/hbs/20231230/uzb_hbs_2023_20231230_m01_roster.dta",2023,"m01_roster","age","child"
"data/raw/hbs/20231230/uzb_hbs_2023_20231230_m01_roster.dta",2023,"m01_roster","language_native","child"
"data/raw/hbs/20231230/uzb_hbs_2023_20231230_m01_roster.dta",2023,"m01_roster","language_second","child"
"data/raw/hbs/20231230/uzb_hbs_2023_20231230_m01_roster.dta",2023,"m01_roster","language_third","child"
"data/raw/hbs/20231230/uzb_hbs_2023_20231230_m02_migration.dta",2023,"m02_migration","age","child"
"data/raw/hbs/20231230/uzb_hbs_2023_20231230_m02_migration.dta",2023,"m02_migration","language_native","child"
"data/raw/hbs/20231230/uzb_hbs_2023_20231230_m02_migration.dta",2023,"m02_migration","language_second","child"
"data/raw/hbs/20231230/uzb_hbs_2023_20231230_m02_migration.dta",2023,"m02_migration","language_third","child"
"data/raw/hbs/20231230/uzb_hbs_2023_20231230_m02_migration.dta",2023,"m02_migration","emig_work_agency","child"
"data/raw/hbs/20231230/uzb_hbs_2023_20231230_m03_education.dta",2023,"m03_education","age","child"
"data/raw/hbs/20231230/uzb_hbs_2023_20231230_m03_education.dta",2023,"m03_education","language_native","child"
"data/raw/hbs/20231230/uzb_hbs_2023_20231230_m03_education.dta",2023,"m03_education","language_second","child"
"data/raw/hbs/20231230/uzb_hbs_2023_20231230_m03_education.dta",2023,"m03_education","language_third","child"
"data/raw/hbs/20231230/uzb_hbs_2023_20231230_m13_internet.dta",2023,"m13_internet","age","child"
"data/raw/hbs/20231230/uzb_hbs_2023_20231230_m13_internet.dta",2023,"m13_internet","language_native","child"
"data/raw/hbs/20231230/uzb_hbs_2023_20231230_m13_internet.dta",2023,"m13_internet","language_second","child"
"data/raw/hbs/20231230/uzb_hbs_2023_20231230_m13_internet.dta",2023,"m13_internet","language_third","child"
"data/raw/hbs/20241231/uzb_hbs_2024_20241231_m00_passport.dta",2024,"m00_passport","dur_nonwage","child"
"data/raw/hbs/20241231/uzb_hbs_2024_20241231_m01_roster.dta",2024,"m01_roster","age","child"
"data/raw/hbs/20241231/uzb_hbs_2024_20241231_m01_roster.dta",2024,"m01_roster","language_native","child"
"data/raw/hbs/20241231/uzb_hbs_2024_20241231_m01_roster.dta",2024,"m01_roster","language_second","child"
"data/raw/hbs/20241231/uzb_hbs_2024_20241231_m01_roster.dta",2024,"m01_roster","language_third","child"
"data/raw/hbs/20241231/uzb_hbs_2024_20241231_m02_migration.dta",2024,"m02_migration","age","child"
"data/raw/hbs/20241231/uzb_hbs_2024_20241231_m02_migration.dta",2024,"m02_migration","language_native","child"
"data/raw/hbs/20241231/uzb_hbs_2024_20241231_m02_migration.dta",2024,"m02_migration","language_second","child"
"data/raw/hbs/20241231/uzb_hbs_2024_20241231_m02_migration.dta",2024,"m02_migration","language_third","child"
"data/raw/hbs/20241231/uzb_hbs_2024_20241231_m02_migration.dta",2024,"m02_migration","emig_work_agency","child"
"data/raw/hbs/20241231/uzb_hbs_2024_20241231_m03_education.dta",2024,"m03_education","age","child"
"data/raw/hbs/20241231/uzb_hbs_2024_20241231_m03_education.dta",2024,"m03_education","language_native","child"
"data/raw/hbs/20241231/uzb_hbs_2024_20241231_m03_education.dta",2024,"m03_education","language_second","child"
"data/raw/hbs/20241231/uzb_hbs_2024_20241231_m03_education.dta",2024,"m03_education","language_third","child"
"data/raw/hbs/20241231/uzb_hbs_2024_20241231_m13_internet.dta",2024,"m13_internet","age","child"
"data/raw/hbs/20241231/uzb_hbs_2024_20241231_m13_internet.dta",2024,"m13_internet","language_native","child"
"data/raw/hbs/20241231/uzb_hbs_2024_20241231_m13_internet.dta",2024,"m13_internet","language_second","child"
"data/raw/hbs/20241231/uzb_hbs_2024_20241231_m13_internet.dta",2024,"m13_internet","language_third","child"
"data/raw/hbs/20251221/uzb_hbs_2025_20251221_m00_passport.dta",2025,"m00_passport","dur_nonwage","child"
"data/raw/hbs/20251221/uzb_hbs_2025_20251221_m01_roster.dta",2025,"m01_roster","age","child"
"data/raw/hbs/20251221/uzb_hbs_2025_20251221_m01_roster.dta",2025,"m01_roster","language_native","child"
"data/raw/hbs/20251221/uzb_hbs_2025_20251221_m01_roster.dta",2025,"m01_roster","language_second","child"
"data/raw/hbs/20251221/uzb_hbs_2025_20251221_m01_roster.dta",2025,"m01_roster","language_third","child"
"data/raw/hbs/20251221/uzb_hbs_2025_20251221_m02_migration.dta",2025,"m02_migration","age","child"
"data/raw/hbs/20251221/uzb_hbs_2025_20251221_m02_migration.dta",2025,"m02_migration","language_native","child"
"data/raw/hbs/20251221/uzb_hbs_2025_20251221_m02_migration.dta",2025,"m02_migration","language_second","child"
"data/raw/hbs/20251221/uzb_hbs_2025_20251221_m02_migration.dta",2025,"m02_migration","language_third","child"
"data/raw/hbs/20251221/uzb_hbs_2025_20251221_m02_migration.dta",2025,"m02_migration","emig_work_agency","child"
"data/raw/hbs/20251221/uzb_hbs_2025_20251221_m03_education.dta",2025,"m03_education","age","child"
"data/raw/hbs/20251221/uzb_hbs_2025_20251221_m03_education.dta",2025,"m03_education","language_native","child"
"data/raw/hbs/20251221/uzb_hbs_2025_20251221_m03_education.dta",2025,"m03_education","language_second","child"
"data/raw/hbs/20251221/uzb_hbs_2025_20251221_m03_education.dta",2025,"m03_education","language_third","child"
